[
    {
        "name": "Albuquerque Central",
        "phone": "+1-505-100-1100",
        "latitude": 35.0844,
        "longitude": -106.6504,
        "state": "New Mexico",
        "city": "Albuquerque",
        "address": "1200 Central Ave SE",
        "zipcode": "87106",
        "weekdays": [1, 2, 3, 4, 5, 6, 7],
        "open_time": "08:00:00",
        "close_time": "22:00:00"
    },
    {
        "name": "Phoenix North",
        "phone": "+1-602-100-2100",
        "latitude": 33.5806,
        "longitude": -112.1187,
        "state": "Arizona",
        "city": "Phoenix",
        "address": "2501 W Happy Valley Rd",
        "zipcode": "85085",
        "weekdays": [1, 2, 3, 4, 5, 6, 7],
        "open_time": "07:00:00",
        "close_time": "23:00:00"
    },
    {
        "name": "Las Vegas Strip",
        "phone": "+1-702-100-4100",
        "latitude": 36.1147,
        "longitude": -115.1728,
        "state": "Nevada",
        "city": "Las Vegas",
        "address": "3500 Las Vegas Blvd S",
        "zipcode": "89109",
        "weekdays": [1, 2, 3, 4, 5, 6, 7],
        "open_time": "07:00:00",
        "close_time": "23:30:00"
    },
    {
        "name": "Los Angeles Downtown",
        "phone": "+1-213-100-5100",
        "latitude": 34.0407,
        "longitude": -118.2468,
        "state": "California",
        "city": "Los Angeles",
        "address": "600 S Spring St",
        "zipcode": "90014",
        "weekdays": [1, 2, 3, 4, 5, 6, 7],
        "open_time": "08:00:00",
        "close_time": "23:00:00"
    },
    {
        "name": "San Francisco Market",
        "phone": "+1-415-100-5300",
        "latitude": 37.7946,
        "longitude": -122.3999,
        "state": "California",
        "city": "San Francisco",
        "address": "201 Market St",
        "zipcode": "94105",
        "weekdays": [1, 2, 3, 4, 5, 6, 7],
        "open_time": "09:00:00",
        "close_time": "21:00:00"
    },
    {
        "name": "Seattle Downtown",
        "phone": "+1-206-100-6200",
        "latitude": 47.6062,
        "longitude": -122.3321,
        "state": "Washington",
        "city": "Seattle",
        "address": "600 Pine St",
        "zipcode": "98101",
        "weekdays": [1, 2, 3, 4, 5, 6, 7],
        "open_time": "09:00:00",
        "close_time": "22:00:00"
    },
    {
        "name": "Denver Central",
        "phone": "+1-720-100-3100",
        "latitude": 39.7392,
        "longitude": -104.9903,
        "state": "Colorado",
        "city": "Denver",
        "address": "1801 California St",
        "zipcode": "80202",
        "weekdays": [1, 2, 3, 4, 5, 6, 7],
        "open_time": "08:00:00",
        "close_time": "22:00:00"
    },
    {
        "name": "Dallas Uptown",
        "phone": "+1-214-100-7100",
        "latitude": 32.7975,
        "longitude": -96.8016,
        "state": "Texas",
        "city": "Dallas",
        "address": "2400 McKinney Ave",
        "zipcode": "75201",
        "weekdays": [1, 2, 3, 4, 5, 6, 7],
        "open_time": "08:00:00",
        "close_time": "23:00:00"
    },
    {
        "name": "Austin Downtown",
        "phone": "+1-512-100-7300",
        "latitude": 30.2672,
        "longitude": -97.7431,
        "state": "Texas",
        "city": "Austin",
        "address": "600 Congress Ave",
        "zipcode": "78701",
        "weekdays": [1, 2, 3, 4, 5, 6, 7],
        "open_time": "08:00:00",
        "close_time": "23:00:00"
    },
    {
        "name": "Chicago Loop",
        "phone": "+1-312-100-8100",
        "latitude": 41.8837,
        "longitude": -87.6289,
        "state": "Illinois",
        "city": "Chicago",
        "address": "200 W Madison St",
        "zipcode": "60606",
        "weekdays": [1, 2, 3, 4, 5, 6],
        "open_time": "09:00:00",
        "close_time": "21:00:00"
    },
    {
        "name": "Miami Beach",
        "phone": "+1-305-100-9100",
        "latitude": 25.7907,
        "longitude": -80.13,
        "state": "Florida",
        "city": "Miami Beach",
        "address": "1500 Ocean Dr",
        "zipcode": "33139",
        "weekdays": [1, 2, 3, 4, 5, 6, 7],
        "open_time": "07:00:00",
        "close_time": "23:00:00"
    },
    {
        "name": "Atlanta Midtown",
        "phone": "+1-404-100-9300",
        "latitude": 33.781,
        "longitude": -84.388,
        "state": "Georgia",
        "city": "Atlanta",
        "address": "700 Peachtree St NE",
        "zipcode": "30308",
        "weekdays": [1, 2, 3, 4, 5, 6, 7],
        "open_time": "08:00:00",
        "close_time": "22:00:00"
    },
    {
        "name": "New York Midtown",
        "phone": "+1-212-100-1100",
        "latitude": 40.7549,
        "longitude": -73.984,
        "state": "New York",
        "city": "New York",
        "address": "350 W 42nd St",
        "zipcode": "10036",
        "weekdays": [1, 2, 3, 4, 5, 6, 7],
        "open_time": "07:00:00",
        "close_time": "23:00:00"
    },
    {
        "name": "Boston Central",
        "phone": "+1-617-100-1200",
        "latitude": 42.3554,
        "longitude": -71.0605,
        "state": "Massachusetts",
        "city": "Boston",
        "address": "200 Washington St",
        "zipcode": "02108",
        "weekdays": [1, 2, 3, 4, 5, 6],
        "open_time": "10:00:00",
        "close_time": "20:00:00"
    },
    {
        "name": "San Antonio Downtown",
        "phone": "+1-210-100-7400",
        "latitude": 29.4241,
        "longitude": -98.4936,
        "state": "Texas",
        "city": "San Antonio",
        "address": "500 E Commerce St",
        "zipcode": "78205",
        "weekdays": [1, 2, 3, 4, 5, 6, 7],
        "open_time": "08:00:00",
        "close_time": "22:00:00"
    },
    {
        "name": "Taipei Xinyi",
        "phone": "+886-2-8101-1100",
        "latitude": 25.033964,
        "longitude": 121.564472,
        "state": "Taiwan",
        "city": "Taipei",
        "address": "No. 45, Shifu Rd, Xinyi District",
        "zipcode": "110",
        "weekdays": [1, 2, 3, 4, 5, 6, 7],
        "open_time": "10:00:00",
        "close_time": "22:00:00"
    },
    {
        "name": "New Taipei Banqiao",
        "phone": "+886-2-2958-2100",
        "latitude": 25.0093,
        "longitude": 121.462,
        "state": "Taiwan",
        "city": "New Taipei",
        "address": "No. 8, Xianmin Blvd, Banqiao District",
        "zipcode": "220",
        "weekdays": [1, 2, 3, 4, 5, 6, 7],
        "open_time": "10:00:00",
        "close_time": "22:00:00"
    },
    {
        "name": "New Taipei Tamsui",
        "phone": "+886-2-2621-2103",
        "latitude": 25.1675,
        "longitude": 121.4458,
        "state": "Taiwan",
        "city": "New Taipei",
        "address": "No. 89, Zhongzheng Rd, Tamsui District",
        "zipcode": "251",
        "weekdays": [1, 2, 3, 4, 5, 6, 7],
        "open_time": "09:00:00",
        "close_time": "20:00:00"
    },
    {
        "name": "Keelung Ren'ai",
        "phone": "+886-2-2422-3100",
        "latitude": 25.128,
        "longitude": 121.741,
        "state": "Taiwan",
        "city": "Keelung",
        "address": "No. 120, Ren 1st Rd, Ren'ai District",
        "zipcode": "200",
        "weekdays": [1, 2, 3, 4, 5, 6],
        "open_time": "10:00:00",
        "close_time": "21:00:00"
    },
    {
        "name": "Keelung Miaokou",
        "phone": "+886-2-2455-3101",
        "latitude": 25.1289,
        "longitude": 121.7398,
        "state": "Taiwan",
        "city": "Keelung",
        "address": "No. 20, Aisi Rd, Ren'ai District",
        "zipcode": "200",
        "weekdays": [1, 2, 3, 4, 5, 6, 7],
        "open_time": "11:00:00",
        "close_time": "23:00:00"
    }
]
